theta1,theta2
5,3.724728491259882
10,7.43936938741778
15,11.147473224678965
20,14.801431956389518
25,18.375343028871942
30,21.916741768729924
35,25.35253742663492
40,28.683442776735514
45,31.86105832133635
50,34.87221204064343
55,37.693791898617796
60,40.285501345963915
65,42.55048391391968
70,44.537203108874365
75,46.13877089628876
80,47.31540335716878
85,48.02985644179165
